name,localName,model,sku,barcode,brand,category,subcategory,subSubcategory,department,unit,purchasePrice,costPrice,retailPrice,wholesalePrice,openingStock,stockAlertQty,commissionPct,status,condition,description,variantName,variantAttrName,variantAttrValue,variantSku,variantBarcode,variantPrice,variantPurchasePrice,variantCostPrice,variantWholesalePrice,variantStock,variantCondition
Magnetic Car Phone Holder Model CM-138,,-,Acc | HOLD | 1,,KF,Accessories,Phone Holder,,,PCS,,,,,9,,,Active,,,,,,,,,,,,,
CM138 360° Rotation mobile holder,,-,Acc | HOLD | 2,,KF,Accessories,Phone Holder,,,PCS,,,,,9,,,Active,,,,,,,,,,,,,
Magnetic Absorption BracketModel UH-02,,-,Acc | BRAC | 3,,UR,Accessories,Absorption Bracket,,,PCS,,,,,30,,,Active,,,,,,,,,,,,,
Magnetic Absorption BracketModel UH-03,,-,Acc | BRAC | 4,,UR,Accessories,Absorption Bracket,,,PCS,,,,,34,,,Active,,,,,,,,,,,,,
Gravity Mechanical Car MountUH-04,,-,Acc | MOUNT | 5,,UR,Accessories,Car Mount,,,PCS,,,,,30,,,Active,,,,,,,,,,,,,
Magnetic Car HolderUH-01,,-,Acc | HOLD | 6,,UR,Accessories,Phone Holder,,,PCS,,,,,17,,,Active,,,,,,,,,,,,,
S38-C Auto Power off Cable,,-,Cab | DATA | 7,,KF,Cables,Cable,,,PCS,,,,,29,,,Active,,,,,,,,,,,,,
Data Cable 100W Type C to C Model S12,,-,Cab | DATA | 8,,KF,Cables,Data Cable,,,PCS,,,,,27,,,Active,,,,,,,,,,,,,
Data Cable 60W Type C to C Model S38,,-,Cab | DATA | 9,,KF,Cables,Data Cable,,,PCS,,,,,29,,,Active,,,,,,,,,,,,,
S-12 1.2M type C to C 100w cable,,-,Cab | DATA | 10,,KF,Cables,Type C to C,,,PCS,,,,,27,,,Active,,,,,,,,,,,,,
Dual Type CModel UC-02,,-,Cab | DATA | 11,,UR,Cables,Dual Type C,,,PCS,,,,,12,,,Active,,,,,,,,,,,,,
Dual Type CModel UC-03,,-,Cab | DATA | 12,,UR,Cables,Dual Type C,,,PCS,,,,,3,,,Active,,,,,,,,,,,,,
Type C to LightningModel U-04,,-,Cab | DATA | 13,,UR,Cables,Type C to Lightening,,,PCS,,,,,12,,,Active,,,,,,,,,,,,,
Type C to C 1m Cable Model U-03,,-,Cab | DATA | 14,,UR,Cables,Ur Type C,,,PCS,,,,,7,,,Active,,,,,,,,,,,,,
Apple USB to Lightning 1m,,-,Cab | DATA | 15,,,Cables,USB to Lightening,,,PCS,,,,,9,,,Active,,,,,,,,,,,,,
Power Bank 10K mAh Model PW-576,,-,Charg | BANK | 16,,KF,Charging & Power,Power Bank,,,PCS,,,,,35,,,Active,,,,,,,,,,,,,
Power Bank 1000 mAh 60CM cable Desert gold,,-,Charg | BANK | 17,,KF,Charging & Power,Power Bank,,,PCS,,,,,35,,,Active,,,,,,,,,,,,,
Car Charger Full Agreement Dual USBUC-04,,-,Charg | ADAPTER | 18,,UR,Charging & Power,Charger,,,PCS,,,,,30,,,Active,,,,,,,,,,,,,
Demand 30W Dual Adapter,,-,Charg | ADAPTER | 19,,UR,Charging & Power,Dual Adapter,,,PCS,,,,,218,,,Active,,,,,,,,,,,,,
UD 30W Gan Charger Dual Port,,-,Charg | ADAPTER | 20,,,Charging & Power,Charger,,,PCS,,,,,228,,,Active,,,,,,,,,,,,,
Samsung 45W PD Adapter,,-,Charg | ADAPTER | 21,,,Charging & Power,Power Adaptor,,,PCS,,,,,185,,,Active,,,,,,,,,,,,,
Samsung 25W PD Adapter,,-,Charg | ADAPTER | 22,,,Charging & Power,Power Adaptor,,,PCS,,,,,15,,,Active,,,,,,,,,,,,,
Apple 40W Adapter,,-,Charg | ADAPTER | 23,,,Charging & Power,Power Adaptor,,,PCS,,,,,75,,,Active,,,,,,,,,,,,,
Apple Adapter 20W,,-,Charg | ADAPTER | 24,,,Charging & Power,Power Adaptor,,,PCS,,,,,1,,,Active,,,,,,,,,,,,,
Nokia 106 Black,,-,Dev | PHONE | 25,,NOKIA,Devices,Nokia Device,,,PCS,,,,,198,,,Active,,,,,,,,,,,,,
Nokia 106 Blue,,-,Dev | PHONE | 26,,NOKIA,Devices,Nokia Device,,,PCS,,,,,34,,,Active,,,,,,,,,,,,,
Nokia 105 Black,,-,Dev | PHONE | 27,,NOKIA,Devices,Nokia Device,,,PCS,,,,,47,,,Active,,,,,,,,,,,,,
Air buds AP-81 With ANC+ENC Silver,,-,Audio | AIRBUD | 28,,KF,Audio and Speaker,Airbuds,,,PCS,,,,,24,,,Active,,,,,,,,,,,,,
AP-74 Airbuds Pro 2 ANC White,,-,Audio | AIRBUD | 29,,KF,Audio and Speaker,Airbuds,,,PCS,,,,,19,,,Active,,,,,,,,,,,,,
Earbuds AP-81,,-,Audio | EARBUD | 30,,KF,Audio and Speaker,Earbuds,,,PCS,,,,,24,,,Active,,,,,,,,,,,,,
Earbuds AP-74,,-,Audio | EARBUD | 31,,KF,Audio and Speaker,Earbuds,,,PCS,,,,,19,,,Active,,,,,,,,,,,,,
Wired Earphone LightningModel UE-01,,-,Audio | EARPHONE | 32,,UR,Audio and Speaker,Earphone,,,PCS,,,,,115,,,Active,,,,,,,,,,,,,
Wired Earphone Type CModel UE-02,,-,Audio | EARPHONE | 33,,UR,Audio and Speaker,Earphone,,,PCS,,,,,4,,,Active,,,,,,,,,,,,,
Music EarphoneModel UE-04,,-,Audio | EARPHONE | 34,,UR,Audio and Speaker,Earphone,,,PCS,,,,,31,,,Active,,,,,,,,,,,,,
HD-90 Headphone With Speaker Gray,,-,Audio | HEAPHONE | 35,,UR,Audio and Speaker,Headphone,,,PCS,,,,,5,,,Active,,,,,,,,,,,,,
Apple AirPods Model A2565/A2564/A2897,,-,Audio | AIRPODE | 36,,,Audio and Speaker,Airpods,,,PCS,,,,,61,,,Active,,,,,,,,,,,,,
Apple AirPods Model A2032/A2031/A1602,,-,Audio | AIRPODE | 37,,,Audio and Speaker,Airpods,,,PCS,,,,,43,,,Active,,,,,,,,,,,,,
Apple Type C Earphones,,-,Audio | EARPHONE | 38,,,Audio and Speaker,Eerphone,,,PCS,,,,,50,,,Active,,,,,,,,,,,,,
Apple Lightning Earphones,,-,Audio | EARPHONE | 39,,,Audio and Speaker,Eerphone,,,PCS,,,,,10,,,Active,,,,,,,,,,,,,
Diagnostic Battery,,iPhone 12,Rep | Diag-Bat | 39,,,Replacement,Diagnostic Battery,,,PCS,,,,,17,,,Active,,,,Model,iPhone 12,Rep | Diag-Bat | 39 | IP-12,IP-12,,,,,,
Diagnostic Battery,,iPhone 12 mini,Rep | Diag-Bat | 39,,,Replacement,Diagnostic Battery,,,PCS,,,,,10,,,Active,,,,Model,iPhone 12 mini,Rep | Diag-Bat | 39 | IP-12-MIN,IP-12-MIN,,,,,,
Diagnostic Battery,,iPhone 12 Pro Max,Rep | Diag-Bat | 39,,,Replacement,Diagnostic Battery,,,PCS,,,,,18,,,Active,,,,Model,iPhone 12 Pro Max,Rep | Diag-Bat | 39 | IP-12-PRO-MAX,IP-12-PRO-MAX,,,,,,
Diagnostic Battery,,iPhone 13,Rep | Diag-Bat | 39,,,Replacement,Diagnostic Battery,,,PCS,,,,,33,,,Active,,,,Model,iPhone 13,Rep | Diag-Bat | 39 | IP-13,IP-13,,,,,,
Diagnostic Battery,,iPhone 13 mini,Rep | Diag-Bat | 39,,,Replacement,Diagnostic Battery,,,PCS,,,,,13,,,Active,,,,Model,iPhone 13 mini,Rep | Diag-Bat | 39 | IP-13-MINI,IP-13-MINI,,,,,,
Diagnostic Battery,,iPhone 13 Pro,Rep | Diag-Bat | 39,,,Replacement,Diagnostic Battery,,,PCS,,,,,10,,,Active,,,,Model,iPhone 13 Pro,Rep | Diag-Bat | 39 | IP-13-PRO,IP-13-PRO,,,,,,
Diagnostic Battery,,iPhone 13 Pro Max,Rep | Diag-Bat | 39,,,Replacement,Diagnostic Battery,,,PCS,,,,,18,,,Active,,,,Model,iPhone 13 Pro Max,Rep | Diag-Bat | 39 | IP-13-PRO-MAX,IP-13-PRO-MAX,,,,,,
Diagnostic Battery,,iPhone 14,Rep | Diag-Bat | 39,,,Replacement,Diagnostic Battery,,,PCS,,,,,10,,,Active,,,,Model,iPhone 14,Rep | Diag-Bat | 39 | IP-14,IP-14,,,,,,
Diagnostic Battery,,iPhone 14 Plus,Rep | Diag-Bat | 39,,,Replacement,Diagnostic Battery,,,PCS,,,,,7,,,Active,,,,Model,iPhone 14 Plus,Rep | Diag-Bat | 39 | IP-14-PLUS,IP-14-PLUS,,,,,,
Diagnostic Battery,,iPhone 14 Pro,Rep | Diag-Bat | 39,,,Replacement,Diagnostic Battery,,,PCS,,,,,12,,,Active,,,,Model,iPhone 14 Pro,Rep | Diag-Bat | 39 | IP-14-PRO,IP-14-PRO,,,,,,
Diagnostic Battery,,iPhone 14 Pro Max,Rep | Diag-Bat | 39,,,Replacement,Diagnostic Battery,,,PCS,,,,,12,,,Active,,,,Model,iPhone 14 Pro Max,Rep | Diag-Bat | 39 | IP-14-PRO-MAX,IP-14-PRO-MAX,,,,,,
Diagnostic Battery,,iPhone 15,Rep | Diag-Bat | 39,,,Replacement,Diagnostic Battery,,,PCS,,,,,9,,,Active,,,,Model,iPhone 15,Rep | Diag-Bat | 39 | IP-15,IP-15,,,,,,
Diagnostic Battery,,iPhone 15 Plus,Rep | Diag-Bat | 39,,,Replacement,Diagnostic Battery,,,PCS,,,,,16,,,Active,,,,Model,iPhone 15 Plus,Rep | Diag-Bat | 39 | IP-15-PLUS,IP-15-PLUS,,,,,,
Diagnostic Battery,,iPhone 15 Pro,Rep | Diag-Bat | 39,,,Replacement,Diagnostic Battery,,,PCS,,,,,9,,,Active,,,,Model,iPhone 15 Pro,Rep | Diag-Bat | 39 | IP-15-PRO,IP-15-PRO,,,,,,
Diagnostic Battery,,iPhone 15 Pro Max,Rep | Diag-Bat | 39,,,Replacement,Diagnostic Battery,,,PCS,,,,,13,,,Active,,,,Model,iPhone 15 Pro Max,Rep | Diag-Bat | 39 | IP-15-PRO-MAX,IP-15-PRO-MAX,,,,,,
Diagnostic Battery,,iPhone SE3,Rep | Diag-Bat | 39,,,Replacement,Diagnostic Battery,,,PCS,,,,,11,,,Active,,,,Model,iPhone SE3,Rep | Diag-Bat | 39 | IP-SE3,IP-SE3,,,,,,
JCID LTPS LCD,,iPhone 13,Rep | LCD | 40,,,Replacement,JCID LTPS LCD,,,PCS,,,,,2,,,Active,,,,Model,iPhone 13,Rep | LCD | 40 | IP-13,IP-13,,,,,,
JCID LTPS LCD,,iPhone 13 Pro,Rep | LCD | 40,,,Replacement,JCID LTPS LCD,,,PCS,,,,,2,,,Active,,,,Model,iPhone 13 Pro,Rep | LCD | 40 | IP-13-PRO,IP-13-PRO,,,,,,
JCID LTPS LCD,,iPhone 14,Rep | LCD | 40,,,Replacement,JCID LTPS LCD,,,PCS,,,,,1,,,Active,,,,Model,iPhone 14,Rep | LCD | 40 | IP-14,IP-14,,,,,,
JCID OLED,,iPhone 12 Pro Max,Rep | OLED | 41,,,Replacement,JCID OLED,,,PCS,,,,,2,,,Active,,,,Model,iPhone 12 Pro Max,Rep | OLED | 41 | IP-12-PRO-MAX,IP-12-PRO-MAX,,,,,,
JCID OLED,,iPhone 13,Rep | OLED | 41,,,Replacement,JCID OLED,,,PCS,,,,,3,,,Active,,,,Model,iPhone 13,Rep | OLED | 41 | IP-13,IP-13,,,,,,
JCID OLED,,iPhone 13 Pro,Rep | OLED | 41,,,Replacement,JCID OLED,,,PCS,,,,,4,,,Active,,,,Model,iPhone 13 Pro,Rep | OLED | 41 | IP-13-PRO,IP-13-PRO,,,,,,
JCID OLED,,iPhone 13 Pro Max,Rep | OLED | 41,,,Replacement,JCID OLED,,,PCS,,,,,4,,,Active,,,,Model,iPhone 13 Pro Max,Rep | OLED | 41 | IP-13-PRO-MAX,IP-13-PRO-MAX,,,,,,
JCID OLED,,iPhone 14,Rep | OLED | 41,,,Replacement,JCID OLED,,,PCS,,,,,5,,,Active,,,,Model,iPhone 14,Rep | OLED | 41 | IP-14,IP-14,,,,,,
JCID OLED,,iPhone 14 Plus,Rep | OLED | 41,,,Replacement,JCID OLED,,,PCS,,,,,1,,,Active,,,,Model,iPhone 14 Plus,Rep | OLED | 41 | IP-14-PLUS,IP-14-PLUS,,,,,,
JCID OLED,,iPhone 14 Pro Max,Rep | OLED | 41,,,Replacement,JCID OLED,,,PCS,,,,,5,,,Active,,,,Model,iPhone 14 Pro Max,Rep | OLED | 41 | IP-14-PRO-MAX,IP-14-PRO-MAX,,,,,,
LCD FHD,,iPhone 11,Rep | FHD | 42,,,Replacement,LCD FHD,,,PCS,,,,,4,,,Active,,,,Model,iPhone 11,Rep | FHD | 42 | IP-11,IP-11,,,,,,
LCD FHD,,iPhone 11 Pro,Rep | FHD | 42,,,Replacement,LCD FHD,,,PCS,,,,,2,,,Active,,,,Model,iPhone 11 Pro,Rep | FHD | 42 | IP-11-PRO,IP-11-PRO,,,,,,
LCD FHD,,iPhone 11 Pro Max,Rep | FHD | 42,,,Replacement,LCD FHD,,,PCS,,,,,2,,,Active,,,,Model,iPhone 11 Pro Max,Rep | FHD | 42 | IP-11-PRO-MAX,IP-11-PRO-MAX,,,,,,
LCD FHD,,iPhone 12 / 12 Pro,Rep | FHD | 42,,,Replacement,LCD FHD,,,PCS,,,,,1,,,Active,,,,Model,iPhone 12 Pro,Rep | FHD | 42 | IP-12-PRO,IP-12-PRO,,,,,,
LCD FHD,,iPhone 12 Pro Max,Rep | FHD | 42,,,Replacement,LCD FHD,,,PCS,,,,,1,,,Active,,,,Model,iPhone 12 Pro Max,Rep | FHD | 42 | IP-12-PRO-MAX,IP-12-PRO-MAX,,,,,,
LCD FHD,,iPhone 13,Rep | FHD | 42,,,Replacement,LCD FHD,,,PCS,,,,,2,,,Active,,,,Model,iPhone 13,Rep | FHD | 42 | IP-13,IP-13,,,,,,
LCD FHD,,iPhone 13 Pro,Rep | FHD | 42,,,Replacement,LCD FHD,,,PCS,,,,,1,,,Active,,,,Model,iPhone 13 Pro,Rep | FHD | 42 | IP-13-PRO,IP-13-PRO,,,,,,
LCD FHD,,iPhone 13 Pro Max,Rep | FHD | 42,,,Replacement,LCD FHD,,,PCS,,,,,1,,,Active,,,,Model,iPhone 13 Pro Max,Rep | FHD | 42 | IP-13-PRO-MAX,IP-13-PRO-MAX,,,,,,
LCD FHD,,iPhone 14,Rep | FHD | 42,,,Replacement,LCD FHD,,,PCS,,,,,3,,,Active,,,,Model,iPhone 14,Rep | FHD | 42 | IP-14,IP-14,,,,,,
LCD FHD,,iPhone 14 Plus,Rep | FHD | 42,,,Replacement,LCD FHD,,,PCS,,,,,2,,,Active,,,,Model,iPhone 14 Plus,Rep | FHD | 42 | IP-14-PLUS,IP-14-PLUS,,,,,,
LCD FHD,,iPhone 14 Pro,Rep | FHD | 42,,,Replacement,LCD FHD,,,PCS,,,,,2,,,Active,,,,Model,iPhone 14 Pro,Rep | FHD | 42 | IP-14-PRO,IP-14-PRO,,,,,,
LCD FHD,,iPhone 14 Pro Max,Rep | FHD | 42,,,Replacement,LCD FHD,,,PCS,,,,,1,,,Active,,,,Model,iPhone 14 Pro Max,Rep | FHD | 42 | IP-14-PRO-MAX,IP-14-PRO-MAX,,,,,,
LCD FHD,,iPhone 15 Plus,Rep | FHD | 42,,,Replacement,LCD FHD,,,PCS,,,,,2,,,Active,,,,Model,iPhone 15 Plus,Rep | FHD | 42 | IP-15-PLUS,IP-15-PLUS,,,,,,
LCD FHD,,iPhone 15 Pro,Rep | FHD | 42,,,Replacement,LCD FHD,,,PCS,,,,,2,,,Active,,,,Model,iPhone 15 Pro,Rep | FHD | 42 | IP-15-PRO,IP-15-PRO,,,,,,
LCD FHD,,iPhone 15 Pro Max,Rep | FHD | 42,,,Replacement,LCD FHD,,,PCS,,,,,3,,,Active,,,,Model,iPhone 15 Pro Max,Rep | FHD | 42 | IP-15-PRO-MAX,IP-15-PRO-MAX,,,,,,
LCD FHD,,iPhone 16 Plus,Rep | FHD | 42,,,Replacement,LCD FHD,,,PCS,,,,,2,,,Active,,,,Model,iPhone 16 Plus,Rep | FHD | 42 | IP-16-PLUS,IP-16-PLUS,,,,,,
LCD FHD,,iPhone X,Rep | FHD | 42,,,Replacement,LCD FHD,,,PCS,,,,,2,,,Active,,,,Model,iPhone X,Rep | FHD | 42 | IP-X,IP-X,,,,,,
LCD FHD,,iPhone Xs,Rep | FHD | 42,,,Replacement,LCD FHD,,,PCS,,,,,2,,,Active,,,,Model,iPhone Xs,Rep | FHD | 42 | IP-XS,IP-XS,,,,,,
LCD FHD,,iPhone Xs Max,Rep | FHD | 42,,,Replacement,LCD FHD,,,PCS,,,,,2,,,Active,,,,Model,iPhone Xs Max,Rep | FHD | 42 | IP-XS-MAX,IP-XS-MAX,,,,,,
LCD HD,,iPhone 11,Rep | HD | 43,,,Replacement,LCD HD,,,PCS,,,,,2,,,Active,,,,Model,iPhone 11,Rep | HD | 43 | IP-11,IP-11,,,,,,
LCD HD,,iPhone 11 Pro,Rep | HD | 43,,,Replacement,LCD HD,,,PCS,,,,,6,,,Active,,,,Model,iPhone 11 Pro,Rep | HD | 43 | IP-11-PRO,IP-11-PRO,,,,,,
LCD HD,,iPhone 11 Pro Max,Rep | HD | 43,,,Replacement,LCD HD,,,PCS,,,,,3,,,Active,,,,Model,iPhone 11 Pro Max,Rep | HD | 43 | IP-11-PRO-MAX,IP-11-PRO-MAX,,,,,,
LCD HD,,iPhone 12 / 12 Pro,Rep | HD | 43,,,Replacement,LCD HD,,,PCS,,,,,4,,,Active,,,,Model,iPhone 12 Pro,Rep | HD | 43 | IP-12-PRO,IP-12-PRO,,,,,,
LCD HD,,iPhone 12 mini,Rep | HD | 43,,,Replacement,LCD HD,,,PCS,,,,,3,,,Active,,,,Model,iPhone 12 mini,Rep | HD | 43 | IP-12-MIN,IP-12-MIN,,,,,,
LCD HD,,iPhone 12 Pro Max,Rep | HD | 43,,,Replacement,LCD HD,,,PCS,,,,,1,,,Active,,,,Model,iPhone 12 Pro Max,Rep | HD | 43 | IP-12-PRO-MAX,IP-12-PRO-MAX,,,,,,
LCD HD,,iPhone 13,Rep | HD | 43,,,Replacement,LCD HD,,,PCS,,,,,4,,,Active,,,,Model,iPhone 13,Rep | HD | 43 | IP-13,IP-13,,,,,,
LCD HD,,iPhone 13 mini,Rep | HD | 43,,,Replacement,LCD HD,,,PCS,,,,,3,,,Active,,,,Model,iPhone 13 mini,Rep | HD | 43 | IP-13-MINI,IP-13-MINI,,,,,,
LCD HD,,iPhone 13 Pro,Rep | HD | 43,,,Replacement,LCD HD,,,PCS,,,,,7,,,Active,,,,Model,iPhone 13 Pro,Rep | HD | 43 | IP-13-PRO,IP-13-PRO,,,,,,
LCD HD,,iPhone 14,Rep | HD | 43,,,Replacement,LCD HD,,,PCS,,,,,3,,,Active,,,,Model,iPhone 14,Rep | HD | 43 | IP-14,IP-14,,,,,,
LCD HD,,iPhone 14 Plus,Rep | HD | 43,,,Replacement,LCD HD,,,PCS,,,,,3,,,Active,,,,Model,iPhone 14 Plus,Rep | HD | 43 | IP-14-PLUS,IP-14-PLUS,,,,,,
LCD HD,,iPhone 14 Pro,Rep | HD | 43,,,Replacement,LCD HD,,,PCS,,,,,2,,,Active,,,,Model,iPhone 14 Pro,Rep | HD | 43 | IP-14-PRO,IP-14-PRO,,,,,,
LCD HD,,iPhone 14 Pro Max,Rep | HD | 43,,,Replacement,LCD HD,,,PCS,,,,,2,,,Active,,,,Model,iPhone 14 Pro Max,Rep | HD | 43 | IP-14-PRO-MAX,IP-14-PRO-MAX,,,,,,
LCD HD,,iPhone 14 Pro Max,Rep | HD | 43,,,Replacement,LCD HD,,,PCS,,,,,4,,,Active,,,,Model,iPhone 14 Pro Max,Rep | HD | 43 | IP-14-PRO-MAX,IP-14-PRO-MAX,,,,,,
LCD HD,,iPhone 15,Rep | HD | 43,,,Replacement,LCD HD,,,PCS,,,,,2,,,Active,,,,Model,iPhone 15,Rep | HD | 43 | IP-15,IP-15,,,,,,
LCD HD,,iPhone 15 Plus,Rep | HD | 43,,,Replacement,LCD HD,,,PCS,,,,,2,,,Active,,,,Model,iPhone 15 Plus,Rep | HD | 43 | IP-15-PLUS,IP-15-PLUS,,,,,,
LCD HD,,iPhone 15 Pro,Rep | HD | 43,,,Replacement,LCD HD,,,PCS,,,,,1,,,Active,,,,Model,iPhone 15 Pro,Rep | HD | 43 | IP-15-PRO,IP-15-PRO,,,,,,
LCD HD,,iPhone 16,Rep | HD | 43,,,Replacement,LCD HD,,,PCS,,,,,2,,,Active,,,,Model,iPhone 16,Rep | HD | 43 | IP-16,IP-16,,,,,,
LCD HD,,iPhone 16 Plus,Rep | HD | 43,,,Replacement,LCD HD,,,PCS,,,,,3,,,Active,,,,Model,iPhone 16 Plus,Rep | HD | 43 | IP-16-PLUS,IP-16-PLUS,,,,,,
LCD HD,,iPhone 7,Rep | HD | 43,,,Replacement,LCD HD,,,PCS,,,,,5,,,Active,,,,Model,iPhone 7,Rep | HD | 43 | IP-7,IP-7,,,,,,
LCD HD,,iPhone 7 Plus,Rep | HD | 43,,,Replacement,LCD HD,,,PCS,,,,,6,,,Active,,,,Model,iPhone 7 Plus,Rep | HD | 43 | IP-7-PLUS,IP-7-PLUS,,,,,,
LCD HD,,iPhone 8,Rep | HD | 43,,,Replacement,LCD HD,,,PCS,,,,,5,,,Active,,,,Model,iPhone 8,Rep | HD | 43 | IP-8,IP-8,,,,,,
LCD HD,,iPhone 8 Plus,Rep | HD | 43,,,Replacement,LCD HD,,,PCS,,,,,7,,,Active,,,,Model,iPhone 8 Plus,Rep | HD | 43 | IP-8-PLUS,IP-8-PLUS,,,,,,
LCD HD,,iPhone SE 2020,Rep | HD | 43,,,Replacement,LCD HD,,,PCS,,,,,3,,,Active,,,,Model,iPhone SE 2020,Rep | HD | 43 | IP-SE-2020,IP-SE-2020,,,,,,
LCD HD,,iPhone X,Rep | HD | 43,,,Replacement,LCD HD,,,PCS,,,,,2,,,Active,,,,Model,iPhone X,Rep | HD | 43 | IP-X,IP-X,,,,,,
LCD HD,,iPhone Xr,Rep | HD | 43,,,Replacement,LCD HD,,,PCS,,,,,3,,,Active,,,,Model,iPhone Xr,Rep | HD | 43 | IP-XR,IP-XR,,,,,,
LCD HD,,iPhone Xs,Rep | HD | 43,,,Replacement,LCD HD,,,PCS,,,,,6,,,Active,,,,Model,iPhone Xs,Rep | HD | 43 | IP-XS,IP-XS,,,,,,
LCD HD,,iPhone Xs Max,Rep | HD | 43,,,Replacement,LCD HD,,,PCS,,,,,3,,,Active,,,,Model,iPhone Xs Max,Rep | HD | 43 | IP-XS-MAX,IP-XS-MAX,,,,,,
Non Diagnostic Battery,,iPhone 16,Rep | NDB | 44,,,Replacement,Non Diagnostic Battery,,,PCS,,,,,2,,,Active,,,,Model,iPhone 16,Rep | NDB | 44 | IP-16,IP-16,,,,,,
Non Diagnostic Battery,,iPhone 16 Pro,Rep | NDB | 44,,,Replacement,Non Diagnostic Battery,,,PCS,,,,,1,,,Active,,,,Model,iPhone 16 Pro,Rep | NDB | 44 | IP-16-PRO,IP-16-PRO,,,,,,
Non Diagnostic Battery,,iPhone 16 Pro Max,Rep | NDB | 44,,,Replacement,Non Diagnostic Battery,,,PCS,,,,,2,,,Active,,,,Model,iPhone 16 Pro Max,Rep | NDB | 44 | IP-16-PRO-MAX,IP-16-PRO-MAX,,,,,,
Standard Capacity Battery,,iPhone 11,Rep | SCB | 45,,,Replacement,Standard Capacity Battery,,,PCS,,,,,12,,,Active,,,,Model,iPhone 11,Rep | SCB | 45 | IP-11,IP-11,,,,,,
Standard Capacity Battery,,iPhone 11 Pro,Rep | SCB | 45,,,Replacement,Standard Capacity Battery,,,PCS,,,,,6,,,Active,,,,Model,iPhone 11 Pro,Rep | SCB | 45 | IP-11-PRO,IP-11-PRO,,,,,,
Standard Capacity Battery,,iPhone 11 Pro Max,Rep | SCB | 45,,,Replacement,Standard Capacity Battery,,,PCS,,,,,9,,,Active,,,,Model,iPhone 11 Pro Max,Rep | SCB | 45 | IP-11-PRO-MAX,IP-11-PRO-MAX,,,,,,
Standard Capacity Battery,,iPhone 6s,Rep | SCB | 45,,,Replacement,Standard Capacity Battery,,,PCS,,,,,7,,,Active,,,,Model,iPhone 6s,Rep | SCB | 45 | IP-6S,IP-6S,,,,,,
Standard Capacity Battery,,iPhone 7,Rep | SCB | 45,,,Replacement,Standard Capacity Battery,,,PCS,,,,,9,,,Active,,,,Model,iPhone 7,Rep | SCB | 45 | IP-7,IP-7,,,,,,
Standard Capacity Battery,,iPhone 7 Plus,Rep | SCB | 45,,,Replacement,Standard Capacity Battery,,,PCS,,,,,10,,,Active,,,,Model,iPhone 7 Plus,Rep | SCB | 45 | IP-7-PLUS,IP-7-PLUS,,,,,,
Standard Capacity Battery,,iPhone 8,Rep | SCB | 45,,,Replacement,Standard Capacity Battery,,,PCS,,,,,4,,,Active,,,,Model,iPhone 8,Rep | SCB | 45 | IP-8,IP-8,,,,,,
Standard Capacity Battery,,iPhone 8 Plus,Rep | SCB | 45,,,Replacement,Standard Capacity Battery,,,PCS,,,,,5,,,Active,,,,Model,iPhone 8 Plus,Rep | SCB | 45 | IP-8-PLUS,IP-8-PLUS,,,,,,
Standard Capacity Battery,,iPhone SE 2020,Rep | SCB | 45,,,Replacement,Standard Capacity Battery,,,PCS,,,,,15,,,Active,,,,Model,iPhone SE 2020,Rep | SCB | 45 | IP-SE-2020,IP-SE-2020,,,,,,
Standard Capacity Battery,,iPhone X,Rep | SCB | 45,,,Replacement,Standard Capacity Battery,,,PCS,,,,,14,,,Active,,,,Model,iPhone X,Rep | SCB | 45 | IP-X,IP-X,,,,,,
Standard Capacity Battery,,iPhone Xr,Rep | SCB | 45,,,Replacement,Standard Capacity Battery,,,PCS,,,,,10,,,Active,,,,Model,iPhone Xr,Rep | SCB | 45 | IP-XR,IP-XR,,,,,,
Standard Capacity Battery,,iPhone Xs,Rep | SCB | 45,,,Replacement,Standard Capacity Battery,,,PCS,,,,,11,,,Active,,,,Model,iPhone Xs,Rep | SCB | 45 | IP-XS,IP-XS,,,,,,
Standard Capacity Battery,,iPhone Xs Max,Rep | SCB | 45,,,Replacement,Standard Capacity Battery,,,PCS,,,,,5,,,Active,,,,Model,iPhone Xs Max,Rep | SCB | 45 | IP-XS-MAX,IP-XS-MAX,,,,,,
